[{"file":"tn-contracts/src/CI/GitAttestationRegistry.sol","formulas":[{"formula":"(h + 1.0) \\% S\\text{\\textunderscore}{\\text{buffer}}","lineRange":{"end":41,"start":41}},{"formula":"(h + S\\text{\\textunderscore}{\\text{buffer}} - \\mathcal{I}\\text{\\textunderscore}{\\text{copy}}) \\% S\\text{\\textunderscore}{\\text{buffer}}","lineRange":{"end":61,"start":61}}]},{"file":"tn-contracts/src/consensus/ConsensusRegistry.sol","formulas":[{"formula":"(p\\text{\\textunderscore}{\\text{epoch}}^{\\text{curr}} + 1.0) \\% 4.0","lineRange":{"end":466,"start":466}},{"formula":"(P\\text{\\textunderscore}{E, \\text{prev}} + 1.0) \\% 4.0","lineRange":{"end":547,"start":547}},{"formula":"(\\text{future} - C + p\\text{\\textunderscore}{\\text{curr}}) \\% 4.0","lineRange":{"end":580,"start":580}},{"formula":"4.0 + C - R","lineRange":{"end":595,"start":595}},{"formula":"(p\\text{\\textunderscore}{\\text{curr}} + \\Delta\\text{\\textunderscore}{\\text{ptr}}) \\% 4.0","lineRange":{"end":596,"start":596}}]},{"file":"tn-contracts/src/recoverable-wrapper/RecoverableWrapper.sol","formulas":[{"formula":"\\mathsf{min}(rem, amount - frozen)","lineRange":{"end":484,"start":484}}]},{"file":"tn-contracts/test/ITS/InterchainTELForkTest.t.sol","formulas":[{"formula":"timestamp + \\mathsf{recoverableWindow}(T\\text{\\textunderscore}{\\text{iTEL}}) + 1.0","lineRange":{"end":135,"start":135}},{"formula":"timestamp + \\mathsf{recoverableWindow}(T\\text{\\textunderscore}{\\text{iTEL}}) + 1.0","lineRange":{"end":185,"start":185}},{"formula":"timestamp + \\mathsf{recoverableWindow}(T\\text{\\textunderscore}{\\text{iTEL}}) + 1.0","lineRange":{"end":495,"start":495}}]},{"file":"tn-contracts/test/ITS/InterchainTokenServiceForkTest.t.sol","formulas":[{"formula":"timestamp + \\mathsf{recoverableWindow}(T\\text{\\textunderscore}{\\text{iTEL}}) + 1.0","lineRange":{"end":529,"start":529}}]},{"file":"tn-contracts/test/consensus/ConsensusRegistryTest.t.sol","formulas":[{"formula":"\\mathsf{getCurrentEpoch}(\\text{consensusRegistry}) + 1.0","lineRange":{"end":154,"start":154}},{"formula":"\\mathsf{getCurrentEpoch}(\\text{consensusRegistry}) + 1.0","lineRange":{"end":209,"start":209}},{"formula":"\\mathsf{getCurrentEpoch}(\\text{consensusRegistry}) + 1.0","lineRange":{"end":303,"start":303}},{"formula":"\\mathsf{getEpochInfo}(\\text{consensusRegistry}, E\\text{\\textunderscore}{\\text{curr}} + 2.0)","lineRange":{"end":428,"start":428}}]},{"file":"tn-contracts/test/consensus/ConsensusRegistryTestFuzz.t.sol","formulas":[{"formula":"\\mathsf{getCurrentEpoch}(\\text{consensusRegistry}) + 1.0","lineRange":{"end":97,"start":97}}]},{"file":"tn-contracts/test/consensus/ConsensusRegistryTestUtils.sol","formulas":[{"formula":"i + s \\% (N\\text{\\textunderscore}{V} - i)","lineRange":{"end":120,"start":120}},{"formula":"\\frac{\\frac{N\\text{\\textunderscore}{\\text{active}} \\cdot 1.0e32}{3.0}}{1.0e32} + 1.0","lineRange":{"end":191,"start":191}},{"formula":"1.0 + \\mathsf{keccak256}(\\mathsf{encode}(abi, N\\text{\\textunderscore}C)) \\% N\\text{\\textunderscore}C","lineRange":{"end":209,"start":209}},{"formula":"1.0 + N\\text{\\textunderscore}{\\text{active}} - N\\text{\\textunderscore}C","lineRange":{"end":211,"start":211}},{"formula":"\\mathsf{_addressFromSeed}(i + 1.0)","lineRange":{"end":246,"start":246}},{"formula":"\\mathsf{keccak256}(\\mathsf{encode}(abi, s\\text{\\textunderscore}{\\text{unique}})) \\% 10000.0","lineRange":{"end":249,"start":249}},{"formula":"W\\text{\\textunderscore}{\\text{total}} + a\\text{\\textunderscore}{\\text{stake}} \\cdot N\\text{\\textunderscore}{\\text{CH}}","lineRange":{"end":252,"start":252}}]}]