[
  {
    "terms": [
      "Liquidity Provider"
    ],
    "definition": "# Liquidity Provider\n\nA participant who deposits pairs of assets (such as TEL/USDC or stablecoins like eEUR/eUSD) into Telcoin Network's decentralized exchange pools to enable trading. Liquidity providers receive tokens representing their share of the pool, earn trading fees and protocol incentives, and may participate in governance. Within the Telcoin ecosystem, they're sometimes referred to as \"Liquidity Miners.\" The codebase implements this through UniswapV2-style pools, where providers contribute equal values of two tokens. While essential for the network's functionality, liquidity providers face risks such as impermanent loss when asset prices diverge. The system's architecture includes various token pairs (wTEL/eUSD, eEUR/eGBP, etc.) that require provider-supplied liquidity to function properly."
  },
  {
    "terms": [
      "Volatility"
    ],
    "definition": "# Volatility\n\nIn blockchain and financial systems, **volatility** refers to the degree of price fluctuation for assets over time. In the Telcoin Network context, volatility impacts several key components:\n\n1. **AMM Operations**: High volatility affects automated market maker pools by increasing price slippage and risk for liquidity providers. The network's UniswapV2 implementation (in `tn-contracts/script/testnet/deploy/TestnetDeployUniswapV2.s.sol`) includes multiple liquidity pools that must account for price volatility.\n\n2. **Stablecoin Design**: The network includes stablecoins like eUSD, eEUR, and others (visible in `tn-contracts/deployments/Deployments.sol`) specifically designed to minimize volatility, making them suitable for remittances and everyday transactions.\n\n3. **Price Mechanisms**: Systems must implement time-weighted averaging or other techniques to smooth out volatile price movements. This is especially important for fair token exchange rates and protocol operations.\n\n4. **Risk Management**: The protocol's governance functions can suspend or freeze volatile assets (as seen in `RecoverableWrapper.sol`'s freeze function) to protect users and the protocol itself.\n\nHigh volatility increases risk across the network, potentially destabilizing pricing mechanisms and increasing uncertainty for users. The Telcoin Network's architecture - with its emphasis on stablecoins and careful liquidity management - is designed in part to mitigate these volatility-related risks."
  },
  {
    "terms": [
      "Arbitrage"
    ],
    "definition": "# Arbitrage\n\nIn blockchain and decentralized finance contexts, **arbitrage** refers to the practice of exploiting price differences for the same asset across different markets or liquidity pools to generate risk-free profits. In the Telcoin Network specifically, arbitrage opportunities arise between various Uniswap V2 liquidity pools that contain pairs of stablecoins (eUSD, eEUR, etc.) and wrapped TEL tokens.\n\nThe codebase enables arbitrage through its extensive deployment of trading pairs like `eUSD_eEUR_Pool`, `wTEL_eUSD_Pool`, and many others. These pools may temporarily offer different exchange rates for the same assets, allowing traders to buy low in one pool and sell high in another.\n\nArbitrage serves a critical function in the ecosystem by:\n1. Ensuring price consistency across different trading venues\n2. Providing liquidity to markets\n3. Preventing long-term price manipulation\n4. Contributing to price discovery for the network's native and wrapped tokens\n\nWhile the Telcoin Network doesn't explicitly code arbitrage functions, it deliberately creates the infrastructure that enables this market-balancing activity, which helps maintain the stability and efficiency of the entire ecosystem."
  },
  {
    "terms": [
      "Slippage"
    ],
    "definition": "# Slippage\n\nSlippage in decentralized exchanges refers to the difference between the expected price of a trade and the actual execution price when the transaction is confirmed on-chain. In the Telcoin Network, which integrates with Uniswap V2 pools and other DeFi infrastructure, slippage is a critical safety parameter that protects users from executing trades at unexpectedly worse prices.\n\nWhen users initiate a token swap, they specify a slippage tolerance (maximum acceptable price deviation). If the actual execution price exceeds this tolerance due to market volatility, low liquidity, or blockchain congestion while the transaction is pending, the trade will automatically fail rather than execute at an unfavorable rate. \n\nThe codebase implements this protection through router contracts that validate the final execution price against the minimum expected output. For example, when swapping tokens through Uniswap pools like `wTEL_eUSD_Pool`, the transaction will revert if slippage exceeds the user-defined threshold, preserving the user's funds rather than executing at a potentially harmful price point."
  },
  {
    "terms": [
      "Spread"
    ],
    "definition": "# Spread\n\nIn decentralized exchanges like those built on the Telcoin Network infrastructure, \"Spread\" refers to the strategic distribution of large trade orders over time rather than executing them all at once. This mechanism allows substantial trades to be executed gradually through systems like Time-Weighted Average Market Makers (TWAMM), which helps:\n\n1. Reduce immediate market price impact by splitting one large trade into multiple smaller ones\n2. Minimize slippage for the trader executing the large order\n3. Maintain market stability and liquidity conditions\n4. Prevent significant price fluctuations that would disadvantage other market participants\n\nThe Telcoin Network, with its Uniswap V2 integration and various liquidity pools, incorporates this concept to ensure efficient trading for larger volumes. By spreading execution, the protocol protects both the trader making the large order and the overall market ecosystem from volatility and liquidity drains."
  },
  {
    "terms": [
      "Order Book"
    ],
    "definition": "# Order Book\n\nAn Order Book in the context of decentralized exchanges is a hybrid trading mechanism that combines features of traditional Automated Market Makers (AMMs) with Central Limit Order Books (CLOBs). It maintains a record of buy and sell orders at various price points, allowing for more capital-efficient trading.\n\nIn decentralized finance, an Order Book typically includes:\n\n1. **On-chain storage** of pending orders with their price points, amounts, and settlement times\n2. **Data structures** that track the state of orders (like the `RecordsDeque` structure in this codebase)\n3. **Order management functions** for placing, modifying, canceling and executing trades\n4. **Settlement logic** that handles trade execution when conditions are met\n\nThe Telcoin Network implementation appears to use a doubly-linked list structure to maintain records of orders (via the `RecordsDeque` and `Record` structures), with sophisticated features for tracking settlement times, freezing amounts, and managing the lifecycle of trades.\n\nUnlike centralized exchanges, decentralized Order Books process transactions directly on the blockchain, offering transparency and removing the need for trusted third parties, while enabling advanced trading options like limit orders, dynamic fees, and MEV (Miner Extractable Value) protection."
  },
  {
    "terms": [
      "Market Depth"
    ],
    "definition": "# Market Depth\n\nMarket depth in decentralized exchanges (DEXs) refers to the volume of liquidity available around the current market price within a liquidity pool. It represents the pool's capacity to absorb buy or sell orders without causing significant price slippage.\n\nIn the Telcoin Network ecosystem, which uses Uniswap V2-style pools (as seen in `tn-contracts/deployments/Deployments.sol`), market depth is determined by:\n\n1. The total quantity of assets deposited in each liquidity pool (e.g., wTEL_eUSD_Pool)\n2. The constant product formula (x*y=k) that governs price movement as trades occur\n3. The distribution of liquidity across different trading pairs\n\nHigher market depth means traders can execute larger transactions with minimal price impact, which is crucial for maintaining price stability and trading efficiency. When market depth is low, even modest trades can cause substantial price movements, leading to unfavorable execution prices.\n\nThe records and queue management systems in the codebase (like `RecordsDeque` and `Record` structures) help track liquidity positions and settlements, which indirectly affect the available market depth across the protocol's trading pairs."
  },
  {
    "terms": [
      "Limit Order"
    ],
    "definition": "# Limit Order\n\nIn decentralized exchanges built on Automated Market Makers (AMMs) like Uniswap, a Limit Order is approximated through **Range Orders**, which allow users to provide single-sided liquidity within a specific price range.\n\nUnlike traditional limit orders on centralized exchanges that wait in an order book, AMM-based limit orders:\n\n1. Require users to deposit one token into a liquidity position with a defined price range\n2. Automatically execute when market prices cross into the specified range\n3. Convert the deposited token into the target token at the desired price\n4. Can earn trading fees while waiting for execution\n\nFor example, to create a limit sell order for TEL tokens at a specific USD price, you would:\n- Deposit only TEL tokens into a TEL/USD pool \n- Set a narrow price range just below your target sell price\n- When the price rises to your range, your TEL is automatically converted to USD\n\nThis mechanism effectively simulates traditional limit orders without requiring a central order book, making it compatible with the decentralized, AMM-based architecture used in the Telcoin Network's trading infrastructure."
  },
  {
    "terms": [
      "Stop-Loss Order"
    ],
    "definition": "# Stop-Loss Order\n\nA Stop-Loss Order in decentralized exchanges is an automated trading mechanism that allows users to set a predefined price threshold at which their position will be automatically closed to limit potential losses. When the asset's price reaches this threshold, the order is triggered, executing a swap to sell the asset.\n\nIn the Telcoin Network ecosystem, Stop-Loss Orders would leverage the protocol's EVM compatibility and custom hooks within contracts like StablecoinManager to monitor prices and execute trades when conditions are met. These orders are executed entirely on-chain, providing transparency and removing the need for centralized intervention.\n\nUnlike limit orders which remain active on the order book, Stop-Loss Orders only activate once the trigger price is reached, making them an essential risk management tool for traders in volatile markets who want to cap their potential losses without constant monitoring."
  },
  {
    "terms": [
      "Maker Fee"
    ],
    "definition": "# Maker Fee\n\nIn decentralized exchanges like Telcoin Network, \"Maker Fee\" refers to fees earned by liquidity providers rather than the traditional order book concept. Unlike centralized exchanges that charge different fees to market makers (who add limit orders) and takers (who remove liquidity), decentralized protocols typically implement a unified fee structure where all swap fees are distributed to liquidity providers proportional to their share of the pool.\n\nThe Telcoin Network implements Uniswap V2-style liquidity pools where these fees are automatically added back to the pool, increasing the value of liquidity tokens. This design eliminates the maker/taker distinction, instead rewarding those who provide liquidity to the system.\n\nLiquidity providers in the Telcoin ecosystem can create pools between various assets (like wTEL, eUSD, eEUR) and earn fees from all trades that utilize their pooled assets, subject to impermanent loss risks inherent in automated market makers."
  },
  {
    "terms": [
      "Taker Fee"
    ],
    "definition": "# Taker Fee\n\nA fee charged by a custom mechanism in some decentralized exchanges that is deducted from the swap amount or liquidity provision and taken by the protocol or specific entities. This fee is separate from and in addition to the standard swap fees and protocol fees.\n\nIn the Telcoin Network implementation, the taker fee mechanism is part of the custom EVM handler that redirects a portion of transaction fees. The codebase shows this in the `TNEvmHandler` where the `reward_beneficiary` method is overridden to split transaction fees between the validator (beneficiary) and a designated basefee address:\n\n```rust\n// From crates/tn-reth/src/evm/handler.rs\nfn reward_beneficiary(\n    &self,\n    evm: &mut Self::Evm,\n    exec_result: &mut <Self::Frame as Frame>::FrameResult,\n) -> Result<(), Self::Error> {\n    // ... code omitted ...\n    \n    // transfer fee to coinbase/beneficiary.\n    // Basefee amount of gas is redirected.\n    let coinbase_gas_price = effective_gas_price.saturating_sub(basefee);\n    \n    // ... code omitted ...\n    \n    if let Some(basefee_address) = self.basefee_address {\n        // Send the base fee portion to a basefee account for later processing\n        // (offchain).\n        let basefee_account = context.journal().load_account(basefee_address)?;\n        basefee_account.data.mark_touch();\n        basefee_account.data.info.balance =\n            basefee_account.data.info.balance.saturating_add(U256::from(basefee * gas_used));\n    }\n    \n    // ... code omitted ...\n}\n```\n\nThis custom fee structure allows the protocol to implement specialized economic models and value capture mechanisms beyond what standard DEX fee models provide."
  },
  {
    "terms": [
      "Margin Trading"
    ],
    "definition": "# Margin Trading\n\nMargin trading in DeFi refers to the practice of borrowing funds to increase trading position sizes beyond what a trader's own capital would allow. In the Telcoin Network ecosystem, this is supported through smart contract infrastructure that manages collateral, leveraged positions, and liquidation mechanisms.\n\nThe codebase demonstrates key components necessary for margin trading:\n\n1. **Balance segregation** - The `RecoverableWrapper.sol` contract separates funds into settled and unsettled balances, critical for tracking what assets are available versus what's locked as collateral.\n\n2. **Record-keeping structures** - Using `Record` structs to track settlement times, frozen amounts, and account states that support the lifecycle of margin positions.\n\n3. **Collateral freezing** - Functions like `freeze()` that immobilize specific amounts of an asset as collateral backing leveraged positions:\n   ```solidity\n   function freeze(Suspension[] memory freezes) external virtual onlyOwner returns (bool) {\n       // ...\n       _unsettledRecords[account].freezeRecord(rawIndex, amount);\n       frozen[account] += amount;\n       // ...\n   }\n   ```\n\n4. **Asset state transitions** - Logic that moves funds between different states (settled, unsettled, frozen) based on trading activity and settlement timing.\n\nMargin trading on this platform likely integrates with external liquidity sources like Uniswap (mentioned in the README) to provide the borrowed capital, while the contract infrastructure ensures that appropriate collateral is locked and positions can be liquidated if necessary to protect lenders."
  },
  {
    "terms": [
      "Leverage"
    ],
    "definition": "# Leverage\n\nIn blockchain development, especially within the Telcoin Network ecosystem, \"leverage\" refers to the ability to extend and build upon existing infrastructure, protocols, and smart contracts without modifying their core implementation. \n\nThis concept enables developers to:\n\n1. **Compose functionality** by connecting multiple contracts or modules together (as seen in how Telcoin deploys various stablecoins and Uniswap pools that interact with each other)\n\n2. **Reuse infrastructure** rather than rebuilding it (evident in how telecom operators can leverage their existing compliance systems while participating in the network)\n\n3. **Extend protocols** through interfaces, hooks, or wrapper contracts (shown in the deployment patterns where core infrastructure like the InterchainTokenService is enhanced through additional contracts)\n\nFor example, in the Telcoin codebase, developers leverage the `deployments` structure to access and utilize a wide array of pre-deployed contracts like stablecoins, token bridges, and liquidity pools - all without needing to understand or modify their internal implementations.\n\nThis pattern of leveraging existing components is fundamental to blockchain's composability and is distinct from financial leverage (borrowing to increase position size), focusing instead on building layers of functionality that create more sophisticated systems from simpler building blocks."
  },
  {
    "terms": [
      "Hedging"
    ],
    "definition": "# Hedging\n\nHedging in decentralized finance refers to risk management strategies used to offset potential losses by taking counterbalancing positions. In the Telcoin Network context, hedging involves managing exposure across the network's many liquidity pools (like the eUSD/eEUR pairs) and stablecoin implementations.\n\nThe RecoverableWrapper contract demonstrates this concept through its record-based settlement system, where balances can be:\n\n1. **Delta-hedged** through record management - The contract tracks unsettled and settled balances, allowing for time-based risk management where positions can be adjusted before settlement.\n\n2. **Strategically managed** via explicit actions - Functions like `freeze()`, `closeCase()`, and record manipulation enable hedging by temporarily locking positions, recovering funds, or adjusting exposure.\n\n3. **Balance-optimized** through the record queue system - The `_unsettledBalanceOf()` function shows how the system can calculate real-time risk exposure by tracking settled versus unsettled amounts.\n\nHedging in this environment essentially provides protection against market volatility while participating in the network's various liquidity pools, giving users tools to customize their risk management approach through strategic timing of settlements and position adjustments."
  },
  {
    "terms": [
      "Swap"
    ],
    "definition": "# Swap\n\nIn the Telcoin Network consensus layer, \"swap\" refers to a mechanism that substitutes poorly performing validators with high-performing ones in the leader schedule. When a validator with low reputation scores (a \"bad node\") is scheduled to produce a block, the `LeaderSwapTable.swap()` method can replace them with a randomly selected high-performing validator (a \"good node\").\n\nThis leader swapping mechanism enhances network resilience by:\n1. Identifying validators with consistently poor performance based on reputation scores\n2. Replacing them in the schedule using a fair random selection process that uses the round number as a seed\n3. Ensuring network stability by preventing unreliable validators from disrupting consensus\n\nThe implementation in the consensus module evaluates validators up to a configurable stake threshold (typically in the 0-33% range), designating a subset as \"bad nodes\" that will be swapped out when they would otherwise lead a round.\n\nThis concept is distinct from token swaps in DeFi contexts, where one token is exchanged for another within liquidity pools."
  },
  {
    "terms": [
      "Futures"
    ],
    "definition": "# Futures\n\nIn the context of the Telcoin Network codebase, \"Futures\" refers specifically to Rust's asynchronous programming primitives that implement the `Future` trait from the standard library. These are the foundation of Rust's async/await system, representing computations that will complete at some point in the future.\n\nThe codebase contains several custom Future implementations, such as:\n\n- `MonitoredScopeFuture` in `crates/consensus/consensus-metrics/src/lib.rs` for instrumenting futures with metrics\n- `GaugeGuardFuture` in `crates/consensus/consensus-metrics/src/guards.rs` for tracking in-flight operations\n- Future implementations on `Noticer` in `crates/types/src/notifier.rs` for notification handling\n\nThese futures are central to the network's asynchronous architecture, enabling non-blocking I/O operations, concurrent processing of consensus messages, and efficient resource utilization across the system.\n\nNote that this is distinct from financial futures contracts (agreements to buy/sell assets at a future date), which are not implemented in the core protocol."
  },
  {
    "terms": [
      "Options"
    ],
    "definition": "# Options\n\nIn the context of the Telcoin Network codebase, \"Options\" refers to configurable parameters that allow developers and users to customize behavior across different components of the system. These options appear in multiple forms:\n\n1. **Command-Line Arguments** - Flags and parameters that configure node behavior, relay operations, and network interactions (e.g., `--destination-chain`, `--poll-interval`, `--txpool`)\n\n2. **Rust Configuration Structures** - Type-safe optional parameters represented as `Option<T>` in configuration structs like `OptionalTestBatchParams`, which allow specifying only the values that need customization while using defaults for others\n\n3. **Smart Contract Parameters** - Deploy-time and runtime settings for contracts, including addresses for token implementations, protocol registries, and pool configurations as seen in `Deployments.sol`\n\n4. **RPC Module Selection** - Options for enabling specific API modules and endpoints when running network nodes\n\nThese options provide flexibility, enable reusability of components across different environments, and allow users to tailor their interaction with the protocol according to their specific requirements, security considerations, and performance needs."
  },
  {
    "terms": [
      "Derivatives"
    ],
    "definition": "# Derivatives\n\nIn the context of the Telcoin Network blockchain ecosystem, derivatives refer to financial instruments whose value is derived from underlying assets such as tokens, cryptocurrencies, or other on-chain assets. While not explicitly implemented as a dedicated module in the current codebase, the infrastructure supports the building blocks for creating derivatives.\n\nThe Telcoin Network contains components that could serve as primitives for derivative products:\n\n1. **Liquidity Pools**: The UniswapV2 implementation (visible in the `deployments/Deployments.sol` struct) provides pairs like `wTEL_eUSD_Pool` that enable price discovery and can be used as a foundation for synthetic assets or other derivative products.\n\n2. **Interchain Token Infrastructure**: The `InterchainTEL` contract and related infrastructure (`tn-contracts/src/InterchainTEL.sol`) enables cross-chain token operations, which could be extended to create derivatives that track assets across multiple blockchains.\n\n3. **Wrapped Tokens and Recovery**: The RecoverableWrapper implementation provides mechanisms for time-delayed settlement through its `_unsettledBalanceOf` function, which could be leveraged for creating time-bound derivative products.\n\n4. **Stablecoins**: The various stable assets (eUSD, eEUR, etc.) in the EXYZs struct provide price-stable references that derivatives could be built upon.\n\nWhile the system doesn't specifically expose a \"Derivatives\" module, it provides the foundation upon which financial engineers could construct options, futures, or synthetic assets as composable DeFi primitives using the existing token, liquidity, and cross-chain infrastructure."
  },
  {
    "terms": [
      "Stablecoin"
    ],
    "definition": "# Stablecoin\n\nA cryptocurrency specifically designed to maintain a stable value by pegging to a fiat currency (typically USD) or a basket of assets. In the Telcoin Network ecosystem, stablecoins serve multiple critical functions:\n\n1. **Value stability** - Unlike volatile cryptocurrencies, stablecoins provide predictable value for transactions, remittances, and holding funds\n2. **Liquidity provision** - They're used in decentralized exchanges and liquidity pools to facilitate trading\n3. **Payment infrastructure** - The codebase shows implementation for stablecoins in telecom-based payment systems\n\nThe implementation includes a `Stablecoin` contract with standard token operations (mint, burn, transfer) and a `StablecoinManager` that handles multiple stablecoins, configures distribution parameters, and manages permissions for minting. These components enable:\n\n```solidity\n// Core stablecoin functionality\nfunction mint(uint256 value) external;\nfunction mintTo(address account, uint256 value) external;\nfunction burn(uint256 value) external;\n```\n\nTelcoin specifically focuses on regulated, bank-issued stablecoins for telecommunication-integrated financial services, enabling cross-border settlements and programmable money use cases while maintaining regulatory compliance."
  },
  {
    "terms": [
      "Collateral"
    ],
    "definition": "# Collateral\n\nAssets provided by users to secure a position or transaction within a decentralized finance (DeFi) protocol. In the Telcoin Network ecosystem, collateral typically takes the form of stablecoins (eUSD, eEUR, etc.) or wrapped tokens (like wTEL) that users deposit to back borrowing activities, provide liquidity, or create synthetic positions. \n\nWhen users provide collateral, they establish a safety margin that protects the protocol from default risk. If a user's position becomes under-collateralized due to market fluctuations, automated liquidation processes can trigger, converting the collateral into the required assets to maintain system solvency. This mechanism is fundamental to DeFi operations, allowing trustless lending and borrowing without traditional credit checks.\n\nThe Telcoin Network implements standard collateral management patterns found in EVM-compatible blockchains, including depositing, monitoring, and liquidating collateral assets through smart contracts that enforce predefined safety thresholds."
  },
  {
    "terms": [
      "Yield Farming"
    ],
    "definition": "# Yield Farming\n\nYield farming is a DeFi practice where users provide liquidity to decentralized exchanges by depositing token pairs into liquidity pools and earn rewards in return. In the Telcoin Network context, users can deposit tokens (like stablecoins and TEL) into UniswapV2 pools such as wTEL/eUSD or eEUR/eGBP. \n\nWhen providing liquidity, users receive LP (liquidity provider) tokens representing their share of the pool. These tokens entitle them to a portion of trading fees generated by the pool. The codebase includes infrastructure for creating and managing these liquidity pools through the `UniswapV2` deployment scripts, which set up numerous currency pairs.\n\nBeyond standard trading fees, the system architecture allows for additional incentivization mechanisms through the `StablecoinManager` contract, which has the capability to mint tokens and manage access controls. This infrastructure enables the protocol to potentially implement custom reward distribution logic for liquidity providers, creating more complex yield farming strategies.\n\nBy participating in yield farming on the Telcoin Network, users contribute to market efficiency and depth while earning returns on their deposited assets."
  },
  {
    "terms": [
      "Staking"
    ],
    "definition": "# Staking\n\nStaking in the Telcoin Network refers to the process where validators lock up TEL tokens into a smart contract (ConsensusRegistry) to participate in the network's consensus mechanism. This action serves as both economic security and qualification for block production.\n\nWhen a validator stakes, they must:\n1. Own a ConsensusNFT (proof of whitelist approval)\n2. Provide the required stake amount (defined in StakeConfig)\n3. Submit a valid BLS public key for block signing\n\n```solidity\n// From tn-contracts/src/consensus/ConsensusRegistry.sol\nfunction stake(bytes calldata blsPubkey) external payable override whenNotPaused {\n    if (blsPubkey.length != 96) revert InvalidBLSPubkey();\n    \n    uint8 validatorVersion = getCurrentEpochInfo().stakeVersion;\n    uint256 stakeAmt = _checkStakeValue(msg.value, validatorVersion);\n    _checkConsensusNFTOwner(msg.sender);\n    _checkValidatorStatus(msg.sender, ValidatorStatus.Undefined);\n    \n    _recordStaked(blsPubkey, msg.sender, false, validatorVersion, stakeAmt);\n}\n```\n\nStaking transitions validators to the `Staked` status and places them in an activation queue. Once activated, validators earn rewards for honest participation in consensus. The system also supports delegated staking, where a third party can provide the stake for a validator with proper authorization.\n\nStakers can later unstake to reclaim their tokens, subject to network rules and cooldown periods. Staking parameters like minimum amounts and reward rates are governed through the StakeConfig structure, which can be updated through governance processes."
  },
  {
    "terms": [
      "APR (Annual Percentage Rate)",
      "APR",
      "Annual Percentage Rate"
    ],
    "definition": "# APR (Annual Percentage Rate)\n\nIn decentralized exchanges, APR refers to the annualized rate of return that liquidity providers can expect to earn from participating in liquidity pools. This metric represents the projected yearly percentage yield based on current trading fees and rewards.\n\nAPR is calculated by taking the fees and rewards earned over a specific timeframe (such as daily or weekly), dividing by the total value locked (TVL) in the pool, and then annualizing this rate to produce a yearly estimate. For example, if a liquidity pool generates 0.5% in fees over a week, this would be multiplied to approximate an annual rate (~26% APR).\n\nUnlike fixed rates in traditional finance, DeFi APRs are variable and change based on trading volume, pool depth, and market conditions. APR serves as an important decision-making tool for liquidity providers when comparing different pools and protocols to optimize their capital allocation.\n\nNote that APR differs from APY (Annual Percentage Yield) in that it does not account for compounding effects, making it a more straightforward but potentially conservative estimate of returns."
  },
  {
    "terms": [
      "APY (Annual Percentage Yield)",
      "APY",
      "Annual Percentage Yield"
    ],
    "definition": "# APY (Annual Percentage Yield)\n\nAPY represents the annualized rate of return for liquidity providers or validators in blockchain networks, accounting for compounding effects. In decentralized exchanges like the UniswapV2 pools referenced in this codebase (`wTEL_eUSD_Pool`, etc.), APY reflects the total percentage return expected over a year from collecting trading fees, which are distributed proportionally to each liquidity provider's share of the pool.\n\nFor validators in the Telcoin Network consensus system, APY is calculated based on a weighted distribution of rewards. As seen in the `ConsensusRegistry.sol` contract's `applyIncentives` function, validator rewards are determined by factors including stake amount and participation metrics like `consensusHeaderCount`. These rewards compound as validators can typically reinvest earnings.\n\nUnlike APR (Annual Percentage Rate), APY incorporates the effect of compounding, providing users with a more accurate representation of their potential earnings over time. This makes it the standard metric for comparing yield opportunities across different pools or staking positions within the protocol."
  },
  {
    "terms": [
      "Gas Fee"
    ],
    "definition": "# Gas Fee\n\nIn blockchain networks like Telcoin, a gas fee is the cost users pay to execute transactions on the network. This fee compensates validators for processing and securing transactions while preventing network abuse through economic disincentives.\n\nGas fees consist of two main components:\n- **Gas limit**: The maximum computational units a transaction can consume\n- **Gas price**: The cost per unit of computation, typically denominated in the network's native cryptocurrency\n\nTelcoin implements an EVM-compatible execution layer using a dynamic fee model similar to Ethereum's EIP-1559 structure, where:\n\n```rust\ntx_factory.create_eip1559(\n    chain.clone(),\n    None,\n    gas_price,  // The current base fee for the network\n    Some(Address::ZERO),\n    value,\n    Bytes::new(),\n)\n```\n\nThe network calculates the appropriate base fee for each block based on network demand, with validators retrieving the current gas price through functions like:\n\n```rust\nfn gas_price(&self) -> u128 {\n    let pool_info = self.pool.block_info();\n    pool_info.pending_basefee.into()\n}\n```\n\nUnderstanding gas fees is essential for developers building on Telcoin Network, as efficient contract design and transaction optimization can significantly reduce costs for users."
  },
  {
    "terms": [
      "Smart Contract"
    ],
    "definition": "# Smart Contract\n\nA smart contract is a self-executing program deployed on a blockchain that automatically enforces the terms of an agreement. In the Telcoin Network codebase, smart contracts are Solidity programs that run on an Ethereum Virtual Machine (EVM)-compatible execution layer.\n\nThese contracts form the critical infrastructure of the network, implementing functionality such as:\n\n- Validator staking and consensus management\n- Token bridging between blockchains (via InterchainTEL)\n- Stablecoin issuance and management\n- Liquidity pools for decentralized exchange (Uniswap V2)\n- Cross-chain messaging and token transfers\n- Attestation registries for verifying information\n\nSmart contracts in this ecosystem are deterministically deployed using techniques like CREATE2 to ensure consistent addresses across different environments. They employ proxy patterns (like ERC1967) to enable upgradability while maintaining state, and they interact with each other through standardized interfaces to compose complex financial services.\n\nUnlike traditional agreements that require trusted intermediaries, these contracts execute automatically and transparently when predefined conditions are met, creating trustless, efficient, and tamper-resistant systems for financial operations."
  },
  {
    "terms": [
      "DeFi"
    ],
    "definition": "# DeFi\n\nDecentralized Finance (DeFi) refers to blockchain-based financial infrastructure that recreates traditional financial services without centralized intermediaries. In the Telcoin Network, DeFi manifests through a comprehensive ecosystem of smart contracts enabling permissionless trading, liquidity provision, and cross-currency exchanges. Key components include:\n\n1. **Liquidity Pools & AMMs**: The codebase implements Uniswap V2-style liquidity pairs (like `wTEL_eUSD_Pool`) enabling decentralized token swaps.\n\n2. **Multi-Currency Stablecoins**: The network includes numerous e-currency stablecoins (eUSD, eEUR, etc.) that function as programmable money for global remittances and exchanges.\n\n3. **Non-Custodial Design**: Users maintain control of their assets while interacting with open-source, transparent smart contracts.\n\n4. **Cross-Chain Functionality**: The Interchain Token Service (ITS) enables tokens to move between blockchain networks while preserving their utility.\n\n5. **Composability**: The infrastructure allows different protocols to interact seamlessly, enabling complex financial operations through simple smart contract interactions.\n\nThe Telcoin Network extends traditional DeFi principles by focusing on practical remittance use cases, creating an accessible financial system that bridges traditional finance with blockchain technology through stablecoins, liquidity pools, and interoperable token bridges."
  },
  {
    "terms": [
      "CeFi"
    ],
    "definition": "# CeFi\n\nCeFi (Centralized Finance) refers to cryptocurrency financial services managed by centralized entities that act as intermediaries between users and blockchain networks. Unlike DeFi (Decentralized Finance) which operates through autonomous smart contracts, CeFi platforms require users to trust a central organization with custody of their assets and personal information.\n\nIn the Telcoin Network codebase, CeFi elements are evident in the admin-controlled smart contracts and infrastructure, including:\n\n1. An `admin` address in the `Deployments` struct that can manage system components\n2. Centralized stablecoin management via the `StablecoinManager` \n3. Interchain token bridges that rely on trusted operators to facilitate cross-chain transfers\n4. Upgradeable proxy contracts that can be modified by administrators\n\nCeFi services typically offer better user experience and compliance with regulations but sacrifice the censorship resistance and trustlessness of fully decentralized systems. In blockchain ecosystems like Telcoin Network, CeFi and DeFi components often coexist, with CeFi providing the regulated on/off ramps and custodial services while DeFi handles the permissionless trading and lending functionality."
  },
  {
    "terms": [
      "DAO"
    ],
    "definition": "# DAO\n\nA Decentralized Autonomous Organization (DAO) is a blockchain-based governance structure where decision-making authority is distributed among participants rather than centralized in a traditional hierarchical organization. \n\nIn the Telcoin Network ecosystem, DAOs enable community-driven governance through smart contracts that manage resources, coordinate validators, and automate protocol decisions. The architecture uses persistent storage layers (evident in the database implementations) to maintain governance state, while smart contracts (visible in the `tn-contracts` module) encode the rules for participation, voting, and execution of decisions.\n\nKey characteristics of DAOs in this context include:\n\n1. **Trustless Coordination**: Validators and network participants can collaborate without needing to trust each other directly, as rules are enforced by code rather than authorities.\n\n2. **On-chain Governance**: Important decisions like protocol upgrades, parameter changes, and resource allocation are proposed, voted on, and executed through transparent on-chain mechanisms.\n\n3. **Token-based Participation**: Governance rights are typically tied to token ownership or staking, creating economic alignment between participants.\n\n4. **Automated Execution**: Once decisions receive sufficient support, their implementation is automatically executed by smart contracts without requiring intermediaries.\n\nDAOs represent a fundamental shift from traditional organizational structures by enabling transparent, programmable governance that operates continuously without central points of control."
  },
  {
    "terms": [
      "Liquidity Mining"
    ],
    "definition": "# Liquidity Mining\n\nLiquidity mining is an incentive mechanism in decentralized finance (DeFi) where users provide assets to liquidity pools and receive rewards in return for their contribution. In the context of the Telcoin Network, liquidity mining involves users depositing paired assets (such as TEL/eUSD or TEL/eEUR) into Uniswap V2 pools, receiving LP (liquidity provider) tokens that represent their share of the pool.\n\nThe implementation in the Telcoin Network codebase shows support for multiple trading pairs through the UniswapV2 struct in Deployments.sol, which tracks numerous liquidity pools like wTEL_eUSD_Pool and wTEL_eEUR_Pool. Liquidity providers can stake their LP tokens to earn rewards that come from:\n\n1. Trading fees generated when users swap tokens through these pools\n2. Additional token rewards distributed by the protocol according to predefined issuance schedules (as implied by the StakeConfig struct with its epochIssuance parameter)\n\nThe StakeManager contract appears to handle reward calculations and distributions through functions like _checkRewards() and claimStakeRewards(), which determine reward eligibility based on minimum withdrawal amounts and time-based epochs.\n\nLiquidity mining serves as a core economic incentive within the Telcoin ecosystem, encouraging users to provide liquidity that enables efficient token swaps while receiving compensation for the opportunity cost and impermanent loss risk inherent to AMM (Automated Market Maker) liquidity provision."
  },
  {
    "terms": [
      "Protocol Fee"
    ],
    "definition": "# Protocol Fee\n\nA Protocol Fee is a percentage of transaction fees collected by the Telcoin Network blockchain protocol itself, separate from validator rewards. When a transaction occurs on the network, part of the gas fee is directed to a designated protocol treasury account rather than to validators or liquidity providers.\n\nIn the Telcoin Network implementation, this is handled at the EVM execution level where the transaction's base fee portion is redirected to a dedicated address:\n\n```rust\n// From crates/tn-reth/src/evm/handler.rs\nif let Some(basefee_address) = self.basefee_address {\n    // Send the base fee portion to a basefee account for later processing\n    // (offchain).\n    let basefee_account = context.journal().load_account(basefee_address)?;\n    basefee_account.data.mark_touch();\n    basefee_account.data.info.balance =\n        basefee_account.data.info.balance.saturating_add(U256::from(basefee * gas_used));\n}\n```\n\nProtocol Fees serve several important functions:\n- Generate revenue for ongoing protocol development and maintenance\n- Fund ecosystem initiatives and governance activities\n- Create sustainable economics for the network\n\nThe fees are collected in the native token (TEL) and can be adjusted through governance mechanisms. They are an essential component of the protocol's economic model, distinct from operational rewards that secure the network."
  },
  {
    "terms": [
      "ERC20"
    ],
    "definition": "# ERC20\n\nERC20 is a standard interface for fungible tokens on Ethereum and EVM-compatible blockchains like Telcoin Network. It defines core functions that tokens must implement: `transfer`, `transferFrom`, `approve`, `balanceOf`, and `allowance`. This standardization ensures tokens can be transferred between addresses, have permissions granted for third-party transfers, and have balances queried consistently.\n\nIn the Telcoin Network codebase, ERC20 tokens appear in several contexts:\n1. As wrapped tokens (like `wTEL`) that can be bridged between chains\n2. In stablecoin implementations (such as the various e-currencies: `eUSD`, `eEUR`)\n3. In the `RecoverableWrapper` implementation that extends the basic ERC20 functionality with additional features\n\nThe ERC20 standard facilitates interoperability between tokens and applications, making it possible for tokens to be used across various DeFi platforms, exchanges, and wallets with consistent behavior. The Telcoin Network uses this standard as a foundation for its cross-chain token infrastructure, enabling seamless movement of assets between Ethereum and the Telcoin chain."
  },
  {
    "terms": [
      "ERC1155"
    ],
    "definition": "# ERC1155\n\nERC1155 is a token standard on Ethereum that allows a single smart contract to manage multiple token types simultaneously. Unlike ERC20 (fungible tokens) or ERC721 (non-fungible tokens), ERC1155 efficiently handles both fungible and non-fungible tokens in the same contract. It supports batch transfers of multiple token types in a single transaction, significantly reducing gas costs. This versatility makes ERC1155 ideal for applications requiring diverse digital assets, such as gaming platforms, marketplaces, or complex financial systems where users need to manage various token types with minimal overhead. The standard includes built-in security features and follows a more gas-efficient design than implementing separate contracts for each token type."
  },
  {
    "terms": [
      "ERC6909"
    ],
    "definition": "# ERC6909\n\nERC6909 is a gas-efficient Ethereum token standard for managing multiple fungible tokens within a single smart contract. Unlike ERC20, which requires deploying separate contracts for each token type, ERC6909 uses token IDs to track different assets in one contract. \n\nKey features include:\n- Multi-token support with unique IDs for each token type\n- Significant gas savings for transfers and approvals\n- Operator approval system for delegation and batch operations\n- Simplified minting/burning mechanics\n\nThis standard is particularly valuable for applications requiring frequent token operations like DeFi protocols, trading platforms, and liquidity management systems. In the Telcoin Network context, ERC6909 would enable efficient handling of various fungible assets (like stablecoins or wrapped tokens) while reducing deployment costs and improving transaction throughput."
  },
  {
    "terms": [
      "X96"
    ],
    "definition": "# X96\n\nA fixed-point number format used in decentralized exchanges to represent prices and other numerical values with high precision. The \"X96\" notation indicates that a number is multiplied by 2^96 and stored as an integer. This approach is critical in blockchain applications where floating-point operations are expensive or unavailable.\n\nIn protocols like Uniswap V3, variables with the \"X96\" suffix (such as `sqrtPriceX96`) represent the square root of price ratios between token pairs. Using this Q64.96 format (64 bits for integer part, 96 bits for fractional part) enables precise price calculations even at extreme price ranges, while maintaining computational efficiency.\n\nThe X96 format offers several advantages:\n- Enables exact arithmetic operations with minimal rounding errors\n- Reduces gas costs by using integer math instead of floating-point emulation\n- Provides sufficient precision for financial calculations in liquidity pools\n- Facilitates accurate price tick calculations for concentrated liquidity positions\n\nFor example, to represent a price of 1.5 in X96 format, the smart contract would store the integer value of 1.5 × 2^96, and then divide by 2^96 when converting back to a human-readable price."
  },
  {
    "terms": [
      "Concentrated Liquidity"
    ],
    "definition": "# Concentrated Liquidity\n\nConcentrated liquidity is a capital efficiency mechanism in decentralized exchanges (DEXs) that allows liquidity providers to allocate their assets within specific price ranges rather than across the entire price spectrum. In the Telcoin Network codebase, this concept is implemented through Uniswap-style pools (as seen in the `UniswapV2` struct in `Deployments.sol`) where pairs like `wTEL_eUSD_Pool` and various stablecoin pairs can benefit from targeted liquidity.\n\nWhen liquidity providers use concentrated liquidity, they create positions with upper and lower price bounds. This approach offers several advantages over traditional AMMs:\n\n1. **Capital Efficiency** - Assets are only deployed where they're most likely to be utilized\n2. **Better Pricing** - More liquidity at relevant price points means lower slippage for traders\n3. **Customizable Risk/Reward** - LPs can tailor their exposure based on market views\n\nFor example, in the Telcoin ecosystem, stablecoin pairs listed in the deployment files can leverage concentrated liquidity to maintain tight price correlations while reducing the capital required to create deep, efficient markets.\n\nConcentrated liquidity positions only earn fees when the market price falls within their specified range. When the price moves outside this range, the position becomes composed entirely of one asset and stops generating fees until the price returns to the specified band."
  },
  {
    "terms": [
      "Constant Product Formula"
    ],
    "definition": "# Constant Product Formula\n\nThe Constant Product Formula (x × y = k) is the core mathematical mechanism behind Automated Market Makers (AMMs) like Uniswap V2, which is extensively used in the Telcoin Network's DeFi infrastructure. This formula mandates that the product of token reserves in a liquidity pool must remain constant during trades.\n\nIn the Telcoin codebase, this formula powers numerous liquidity pools (such as `eEUR_eAUD_Pool`, `wTEL_eUSD_Pool`) which facilitate permissionless trading between currency pairs. When users trade tokens, the formula automatically adjusts token quantities while maintaining the constant k, creating a continuous pricing curve where:\n\n1. Larger trades face increasing price impact (slippage)\n2. The pool can never be depleted of either token\n3. Prices adjust automatically based on supply and demand\n\nThe formula provides a purely algorithmic approach to market making, enabling decentralized exchange without order books or centralized price feeds. In Telcoin's implementation, this powers trading between TEL and various stablecoins (eUSD, eEUR, etc.) while generating fees for liquidity providers."
  },
  {
    "terms": [
      "Invariant"
    ],
    "definition": "# Invariant\n\nAn invariant is a logical condition or property of a system that must remain true throughout its execution, regardless of the state changes that occur. In software engineering, invariants serve as crucial guardrails ensuring correctness, consistency, and security.\n\nIn the Telcoin Network codebase, invariants appear in several contexts:\n\n1. **Data Structure Invariants**: In the peer cache implementation, the function `check_invariant()` verifies that lists remain sorted by insertion time, maps and lists stay synchronized, and no duplicates exist. These constraints ensure the data structure maintains its integrity during operations.\n\n2. **Consensus Protocol Invariants**: The consensus module enforces invariants like \"committee size must never reach 0\" and \"BLS pubkeys must be unique\" to maintain the safety and liveness properties of the blockchain.\n\n3. **Smart Contract Invariants**: The consensus registry documentation explicitly lists invariants around validator statuses, stake management, and rewards distribution, ensuring the protocol functions correctly despite complex state transitions.\n\nInvariants differ from other assertions or checks because they represent fundamental properties that must always hold true - violating an invariant indicates a critical flaw in the system's logic. In blockchain protocols, invariants often guard against security vulnerabilities, financial exploits, or consensus failures.\n\nThe formal verification of invariants is a powerful technique for proving a system's correctness, especially in safety-critical domains like consensus protocols and financial applications."
  },
  {
    "terms": [
      "Mid Price"
    ],
    "definition": "# Mid Price\n\nIn decentralized exchanges like Uniswap, the mid price represents the theoretical \"fair value\" exchange rate between two tokens in a liquidity pool. It is calculated directly from the ratio of token reserves in the pool. For Uniswap V2-style AMMs (as used in the Telcoin Network), the mid price between token A and token B would be:\n\n```\nMid Price = Reserve of Token B / Reserve of Token A\n```\n\nThis price represents what an infinitesimally small trade would execute at without moving the market. It serves as an important reference point for:\n\n- Price oracles and price feeds\n- UI displays showing current rates\n- Trade routing algorithms\n- Smart contract logic requiring current market prices\n\nUnlike execution price, which varies with trade size due to slippage, the mid price is a snapshot of the current market equilibrium. The Telcoin Network's infrastructure includes multiple Uniswap V2 pools (like `eEUR_eUSD_Pool`) where mid prices are fundamental to the operation of the DEX ecosystem."
  },
  {
    "terms": [
      "AMM Protocol",
      "Automated Market Maker",
      "AMM"
    ],
    "definition": "# AMM Protocol\n\nAn Automated Market Maker (AMM) protocol is a decentralized exchange mechanism that enables permissionless token trading without traditional order books. In blockchain systems like Telcoin Network, AMMs operate through smart contracts that maintain liquidity pools of paired assets.\n\nKey characteristics:\n- **Algorithmic pricing**: Token exchange rates are determined by mathematical formulas (typically constant product: x*y=k) based on pool ratios\n- **Pooled liquidity**: Users can contribute tokens to liquidity pools and earn trading fees\n- **Permissionless**: Anyone can trade or provide liquidity without intermediaries\n- **Constant availability**: Trading is always possible if pools have liquidity\n- **On-chain execution**: All transactions execute through transparent smart contracts\n\nTelcoin Network integrates Uniswap V2-style AMM pools for its ecosystem tokens (wTEL, eUSD, eEUR) and various stablecoins, as seen in the UniswapV2 struct in its deployments code. The pools (e.g., wTEL_eUSD_Pool, eEUR_eCAD_Pool) allow decentralized price discovery and token swaps while providing liquidity providers with fee income.\n\nAlternative terms: Automated Market Maker, AMM"
  },
  {
    "terms": [
      "address(0)"
    ],
    "definition": "# address(0)\n\nThe zero address, represented as `0x0000000000000000000000000000000000000000`. In Ethereum and EVM-compatible blockchains like Telcoin Network, `address(0)` serves as a special sentinel value that is used to:\n\n1. Indicate an uninitialized or invalid address (default value for address variables)\n2. Implement safety checks to prevent accidental loss of assets\n   ```solidity\n   function _checkNotZeroAddress(address account) internal pure {\n       if (account == address(0)) {\n           revert ZeroAddressNotAllowed();\n       }\n   }\n   ```\n3. Act as a burn address (tokens sent here are permanently removed from circulation)\n4. Represent the absence of a valid address in function parameters or return values\n5. Serve as a default state for address storage slots until explicitly set\n\nThe zero address is fundamental to safe smart contract development because no one controls its private key, making any assets sent to it irretrievable. It also serves as an important marker in protocol logic, allowing contracts to detect edge cases and invalid inputs."
  },
  {
    "terms": [
      "EIP-1153"
    ],
    "definition": "# EIP-1153\n\nEIP-1153 (Transient Storage Opcodes) is an Ethereum Improvement Proposal that introduces two new EVM opcodes: `TLOAD` and `TSTORE`. These opcodes provide smart contracts with access to temporary key-value storage that exists only for the duration of a transaction and is automatically cleared afterward. \n\nThe key benefit is gas efficiency—transient storage operations cost only 100 gas, significantly cheaper than regular storage operations (which can cost thousands of gas). This makes EIP-1153 ideal for implementing reentrancy guards, temporary flags, and complex multi-contract interactions within a single transaction without the high gas costs of permanent storage.\n\nIn the Telcoin Network codebase, EIP-1153 support enables developers to write more gas-efficient contracts that can leverage this temporary storage pattern. While not yet available as a first-class data location in high-level Solidity, it can be accessed through inline assembly in contracts targeting EVM-compatible chains like Telcoin Network."
  },
  {
    "terms": [
      "DEX"
    ],
    "definition": "# DEX\n\nA Decentralized Exchange (DEX) is a peer-to-peer marketplace for trading cryptocurrencies without intermediaries. In the Telcoin Network codebase, DEX functionality is implemented primarily through Uniswap V2 contracts that enable non-custodial token swaps and liquidity provision. The system includes key components like `UniswapV2Factory` for creating trading pairs, `UniswapV2Router02` for handling trades, and numerous liquidity pools (e.g., `wTEL_eUSD_Pool`) that facilitate the automated market maker (AMM) model.\n\nUnlike centralized exchanges, the DEX in this ecosystem allows users to:\n- Trade directly from their wallets without giving up custody\n- Provide liquidity to pools and earn fees\n- Execute trades through smart contracts rather than order books\n- Interact with the system in a permissionless manner\n\nThe DEX infrastructure forms a core part of the Telcoin Network's DeFi capabilities, enabling seamless exchange between the network's native token (TEL), wrapped tokens (wTEL), and various stablecoins (eUSD, eEUR, etc.) in a trustless environment."
  },
  {
    "terms": [
      "ERC721"
    ],
    "definition": "# ERC721\n\nERC721 is a standard interface for non-fungible tokens (NFTs) on Ethereum and EVM-compatible blockchains like Telcoin Network. Unlike fungible tokens (ERC20), each ERC721 token has a unique identifier and cannot be interchanged on a 1:1 basis with other tokens.\n\nIn the Telcoin Network codebase, ERC721 is implemented primarily for consensus permissioning. The `StakeManager.sol` contract uses ERC721 NFTs to represent validator rights, where:\n\n1. Each validator address is associated with exactly one NFT (via `_getTokenId` mapping)\n2. Ownership of this NFT grants validator privileges\n3. These NFTs are intentionally non-transferable (the `transferFrom` function reverts)\n4. Each token contains metadata identifying it as a \"ConsensusNFT\" with validator address information\n\nThe ERC721 standard includes core functions like `ownerOf`, `balanceOf`, `mint`, and `_exists` which are used to manage the validator permission system. By leveraging NFTs for validator identity, the system creates an immutable on-chain record of consensus participation rights that can be verified through standard token interfaces."
  },
  {
    "terms": [
      "EIP-712"
    ],
    "definition": "# EIP-712\n\nEIP-712 is a standard for typed structured data hashing and signing in Ethereum that allows users to see and verify exactly what they're signing. Unlike traditional cryptographic signatures that use opaque message hashes, EIP-712 creates human-readable structured data with defined types, making signatures more secure and user-friendly.\n\nThe standard works by:\n1. Defining a structured type system for data (like JSON schemas)\n2. Encoding this data with domain separators to prevent cross-contract replay attacks\n3. Generating deterministic hashes that wallets can display in readable format\n4. Allowing signatures to be verified both on-chain and off-chain\n\nIn the Telcoin Network codebase, EIP-712 is used for secure validator delegation (as seen in `ConsensusRegistry.sol`), where the `delegationDigest` function creates typehashed data for delegation authorization. It's also used for transaction signing and signature verification throughout the system, as evidenced by functions that calculate `v` values and recover addresses from signatures.\n\nThis approach significantly improves security by ensuring users understand what they're authorizing and prevents signature replay attacks across different contexts by incorporating domain-specific information into the signature itself."
  },
  {
    "terms": [
      "Time-Weighted Average Market Maker (TWAMM)",
      "TWAMM"
    ],
    "definition": "# Time-Weighted Average Market Maker (TWAMM)\n\nA Time-Weighted Average Market Maker (TWAMM) is a mechanism in decentralized exchanges that executes large token swaps gradually over time rather than all at once. By dividing a large trade into many smaller trades executed across multiple blocks, TWAMM calculates a time-weighted average price, significantly reducing price impact and slippage compared to executing the entire trade in one transaction. This approach protects traders from price manipulation tactics like sandwich attacks and provides better overall execution prices for substantial orders.\n\nIn the context of blockchain protocols like Telcoin Network, which utilizes Uniswap V2 pools as seen in its deployment configuration, TWAMM functionality can be implemented as an extension to the basic AMM pool logic. While traditional AMMs execute trades immediately in a single transaction, TWAMM spreads the execution over time, creating a virtual order flow that is continuously processed at each block. This makes it particularly valuable for institutional traders, treasury management, and any situation requiring the exchange of large token amounts with minimal market disruption."
  },
  {
    "terms": [
      "Variant Maps"
    ],
    "definition": "# Variant Maps\n\nA data structure pattern used to efficiently pack multiple boolean flags or properties into a single byte or word. In the Telcoin Network codebase, Variant Maps are implemented through specialized types like `PeerExchangeMap` that provide type-safe access to these packed values.\n\nVariant Maps are particularly valuable in blockchain systems where storage efficiency is critical. Instead of storing each boolean flag as a separate variable (consuming more storage space and gas), this pattern uses individual bits within a byte to represent different properties. This approach optimizes both storage requirements and processing efficiency.\n\nThe implementation seen in the codebase shows these maps being used for peer information exchange, test responses, and database operations, demonstrating their utility for compact data representation across the network protocol."
  },
  {
    "terms": [
      "ECDSA"
    ],
    "definition": "# ECDSA\n\nECDSA (Elliptic Curve Digital Signature Algorithm) is a cryptographic algorithm used to generate and verify digital signatures. It's based on elliptic curve cryptography and is widely used in blockchain systems, including Ethereum.\n\nAt its core, ECDSA provides three key functions:\n\n1. **Signature generation**: Using a private key to create a unique signature for a message (usually a hash).\n2. **Signature verification**: Using the corresponding public key to verify that a signature was created by the owner of the private key.\n3. **Public key recovery**: Reconstructing a public key from a signature and the original message.\n\nIn Ethereum-compatible systems, ECDSA signatures consist of three components:\n- **r**: The x-coordinate of a random point on the elliptic curve (32 bytes)\n- **s**: The signature proof component (32 bytes)\n- **v**: A recovery identifier (1 byte)\n\nThe `v` value is particularly important in Ethereum as it allows for efficient public key recovery and incorporates chain ID information (via EIP-155) to prevent replay attacks across different networks.\n\nECDSA in Ethereum uses the secp256k1 curve, and includes specific optimizations like normalizing the `s` value to the lower half of the curve to prevent signature malleability attacks. This standardized implementation enables secure transaction signing and verification across the entire ecosystem."
  },
  {
    "terms": [
      "ERC1271"
    ],
    "definition": "# ERC1271\n\nERC1271 is a standard interface that enables smart contracts to validate signatures. The core of this standard is a single function: `isValidSignature(bytes32 hash, bytes memory signature)`, which returns a magic value (`0x1626ba7e`) if the signature is valid.\n\n```solidity\ninterface IERC1271 {\n    function isValidSignature(bytes32 hash, bytes memory signature) external view returns (bytes4 magicValue);\n}\n```\n\nWhile traditional Ethereum transactions are signed by Externally Owned Accounts (EOAs) using ECDSA and verified with `ecrecover`, smart contracts don't inherently possess private keys to create signatures. ERC1271 addresses this limitation by allowing smart contracts to implement custom signature validation logic.\n\nThis standard enables several important capabilities:\n- **Smart contract wallets** can verify signatures according to their own rules (multi-sig, social recovery, etc.)\n- **Delegated transactions** where a contract validates signatures produced off-chain\n- **Sign-in with Ethereum (SIWE)** compatible with contract-based accounts\n- **Decentralized exchanges** can verify off-chain orders signed by contracts\n\nERC1271 is crucial for account abstraction and enables more sophisticated authentication patterns beyond simple private key ownership. When interacting with an address, applications can detect if it's a contract, then call `isValidSignature` to validate signatures according to that contract's custom logic."
  },
  {
    "terms": [
      "Application-Specific Sequencing (ASS)",
      "Application-Specific Sequencing",
      "(ASS)"
    ],
    "definition": "# Application-Specific Sequencing (ASS)\n\nApplication-Specific Sequencing (ASS) is a method in blockchain architecture that allows individual applications to define and control the ordering of their own transactions, rather than relying on the default sequencing mechanisms of the underlying blockchain. \n\nIn traditional blockchain systems, miners or validators determine transaction ordering based on gas prices or other protocol-specific rules. This can lead to issues like Miner Extractable Value (MEV), where users may suffer from front-running, sandwich attacks, or other unfavorable ordering outcomes.\n\nWith ASS, applications implement custom sequencing logic tailored to their specific needs. For example, a decentralized exchange might implement fair ordering rules that prevent front-running, or a lending protocol might prioritize liquidations in a way that benefits borrowers.\n\nKey benefits of Application-Specific Sequencing include:\n\n1. **MEV Reduction**: By controlling transaction ordering, applications can mitigate harmful MEV extraction.\n2. **Optimized User Experience**: Applications can implement ordering policies that maximize fairness or efficiency for their users.\n3. **Value Capture**: Applications can internalize value that would otherwise flow to external sequencers or miners.\n4. **Domain-Specific Optimization**: Ordering can be tailored to specific use cases (e.g., auctions, trading, lending).\n\nThe primary trade-off is reduced composability with other applications, as custom sequencing creates siloed transaction flows that may not integrate seamlessly with the broader ecosystem.\n\nASS represents an important evolution in blockchain design that allows applications to gain sovereignty over their transaction flows while still benefiting from the security and infrastructure of the underlying blockchain."
  },
  {
    "terms": [
      "MEV (Maximal Extractable Value)",
      "MEV",
      "Maximal Extractable Value"
    ],
    "definition": "# MEV (Maximal Extractable Value)\n\nMaximal Extractable Value (MEV) refers to the maximum profit that can be extracted from blockchain networks by reordering, inserting, or censoring transactions within blocks. In blockchain systems, entities with transaction ordering power (like validators or miners) can manipulate transaction order to extract additional value beyond standard fees and rewards.\n\nIn this codebase, MEV mitigation is implemented through two primary mechanisms:\n\n1. **Batch Processing with Uniform Pricing**: All limit orders are processed in batches at a common uniform price, ensuring fair treatment for all users. This approach prevents common MEV extraction strategies like sandwich attacks and front-running by eliminating the advantage of transaction ordering within a batch.\n\n2. **Top of Block (ToB) Auction**: Rather than allowing external actors to profit from arbitrage opportunities against the Automated Market Maker (AMM), the system internalizes this competition through an auction mechanism. The proceeds from this auction are redistributed to liquidity providers (LPs), effectively capturing value that would otherwise be extracted by third-party arbitrageurs.\n\nThese mechanisms work together to create a more equitable trading environment by redirecting potential MEV from external exploiters back to the protocol's participants, particularly the liquidity providers who would otherwise suffer from value leakage through external arbitrage."
  },
  {
    "terms": [
      "Orderbook"
    ],
    "definition": "# Orderbook\n\nAn **Orderbook** is a fundamental data structure in trading systems that maintains sorted collections of buy (bid) and sell (ask) orders for a specific trading pair or asset. It consists of:\n\n1. A unique identifier (`PoolId`) that links to a specific trading pool\n2. Two ordered vectors:\n   - `bids`: Buy orders sorted typically by highest price first\n   - `asks`: Sell orders sorted typically by lowest price first\n3. An optional Automated Market Maker (AMM) snapshot (`MarketSnapshot`)\n\n```rust\npub struct OrderBook {\n    id:   PoolId,\n    amm:  Option<MarketSnapshot>,\n    bids: Vec<OrderWithStorageData<GroupedVanillaOrder>>,\n    asks: Vec<OrderWithStorageData<GroupedVanillaOrder>>\n}\n```\n\nThe Orderbook is constructed using a `BookBuilder` pattern and employs a `SortStrategy` to maintain orders organized by price and secondarily by time or volume. This structure enables efficient matching of compatible buy and sell orders by the matching engine, facilitating price discovery and trade execution. It represents the core mechanism through which market participants' intentions are organized and matched in a trading system."
  },
  {
    "terms": [
      "Top-of-Block (ToB)",
      "Top-of-Block",
      "ToB"
    ],
    "definition": "# Top-of-Block (ToB)\n\nA specialized transaction processing mechanism in blockchain systems that ensures certain operations are executed at the very beginning of a new block. Top-of-Block orders receive priority execution before any other transactions, creating a deterministic and privileged position in the transaction sequence. \n\nIn the Telcoin Network and similar EVM-compatible systems, ToB transactions are supported through the block assembly architecture, where the execution context tracks block indices, batch sequencing, and transaction ordering. This mechanism is particularly valuable for time-sensitive operations like DEX trades, where being executed first in a block can significantly reduce slippage and prevent front-running.\n\nToB orders typically include specifications for asset quantities, gas limits, recipient addresses, and block number validity constraints. This ordering guarantee provides critical advantages for trading strategies, liquidation mechanisms, and other applications where transaction timing directly impacts outcomes."
  }
]